Name,URL
张学杰,http://www.ise.ynu.edu.cn/teacher/711
岳昆,http://www.ise.ynu.edu.cn/teacher/32
普园媛,http://www.ise.ynu.edu.cn/teacher/669
徐丹,http://www.ise.ynu.edu.cn/teacher/661
钱文华,http://www.ise.ynu.edu.cn/teacher/799
梁洁,http://www.ise.ynu.edu.cn/teacher/739
张榆锋,http://www.ise.ynu.edu.cn/teacher/721
张任远,http://www.ise.ynu.edu.cn/teacher/1011
陶大鹏,http://www.ise.ynu.edu.cn/teacher/751
李浩,http://www.ise.ynu.edu.cn/teacher/991
王津,http://www.ise.ynu.edu.cn/teacher/973
袁洪,http://www.ise.ynu.edu.cn/teacher/749
张俊华,http://www.ise.ynu.edu.cn/teacher/745
周丽华,http://www.ise.ynu.edu.cn/teacher/737
梁虹,http://www.ise.ynu.edu.cn/teacher/735
王顺芳,http://www.ise.ynu.edu.cn/teacher/723
聂仁灿,http://www.ise.ynu.edu.cn/teacher/903
赵春娜,http://www.ise.ynu.edu.cn/teacher/815
杨晶晶,http://www.ise.ynu.edu.cn/teacher/809
武浩,http://www.ise.ynu.edu.cn/teacher/805
李鹏,http://www.ise.ynu.edu.cn/teacher/803
诸薇娜,http://www.ise.ynu.edu.cn/teacher/779
周小兵,http://www.ise.ynu.edu.cn/teacher/759
李波,http://www.ise.ynu.edu.cn/teacher/757
李海燕,http://www.ise.ynu.edu.cn/teacher/673
柏正尧,http://www.ise.ynu.edu.cn/teacher/667
杨培忠,http://www.ise.ynu.edu.cn/teacher/1006
刘江鸣,http://www.ise.ynu.edu.cn/teacher/1005
汤智文,http://www.ise.ynu.edu.cn/teacher/1004
陆歌皓,http://www.ise.ynu.edu.cn/teacher/992
闵文文,http://www.ise.ynu.edu.cn/teacher/990
柴晶,http://www.ise.ynu.edu.cn/teacher/981
赵征鹏,http://www.ise.ynu.edu.cn/teacher/781
段亮,http://www.ise.ynu.edu.cn/teacher/979
郎恂,http://www.ise.ynu.edu.cn/teacher/977
刘夕龙,http://www.ise.ynu.edu.cn/teacher/976
钱蓉蓉,http://www.ise.ynu.edu.cn/teacher/975
陈哲,http://www.ise.ynu.edu.cn/teacher/974
鲁进,http://www.ise.ynu.edu.cn/teacher/867
唐猛,http://www.ise.ynu.edu.cn/teacher/817
余映,http://www.ise.ynu.edu.cn/teacher/811
高赟,http://www.ise.ynu.edu.cn/teacher/807
何乐生,http://www.ise.ynu.edu.cn/teacher/801
袁国武,http://www.ise.ynu.edu.cn/teacher/797
李维华,http://www.ise.ynu.edu.cn/teacher/795
周浩,http://www.ise.ynu.edu.cn/teacher/793
陈红梅,http://www.ise.ynu.edu.cn/teacher/789
梁竹关,http://www.ise.ynu.edu.cn/teacher/787
张泽华,http://www.ise.ynu.edu.cn/teacher/785
黄亚群,http://www.ise.ynu.edu.cn/teacher/783
李红松,http://www.ise.ynu.edu.cn/teacher/777
何敏,http://www.ise.ynu.edu.cn/teacher/775
丁海燕,http://www.ise.ynu.edu.cn/teacher/773
余鹏飞,http://www.ise.ynu.edu.cn/teacher/771
常俊,http://www.ise.ynu.edu.cn/teacher/769
张国生,http://www.ise.ynu.edu.cn/teacher/767
孙静,http://www.ise.ynu.edu.cn/teacher/763
孔兵,http://www.ise.ynu.edu.cn/teacher/755
王静,http://www.ise.ynu.edu.cn/teacher/753
崔燕妮,http://www.ise.ynu.edu.cn/teacher/677
张骥先,http://www.ise.ynu.edu.cn/teacher/5
曹良坤,http://www.ise.ynu.edu.cn/teacher/821
徐永跃,http://www.ise.ynu.edu.cn/teacher/819
王丽清,http://www.ise.ynu.edu.cn/teacher/761
张熹,http://www.ise.ynu.edu.cn/teacher/679
杨艳华,http://www.ise.ynu.edu.cn/teacher/891
周飞,http://www.ise.ynu.edu.cn/teacher/889
刘宏杰,http://www.ise.ynu.edu.cn/teacher/887
吴建平,http://www.ise.ynu.edu.cn/teacher/885
周永录,http://www.ise.ynu.edu.cn/teacher/691
何刚,http://www.ise.ynu.edu.cn/teacher/923
官铮,http://www.ise.ynu.edu.cn/teacher/901
周克峰,http://www.ise.ynu.edu.cn/teacher/899
保利勇,http://www.ise.ynu.edu.cn/teacher/897
谢汝生,http://www.ise.ynu.edu.cn/teacher/895
时光,http://www.ise.ynu.edu.cn/teacher/1009
张浩,http://www.ise.ynu.edu.cn/teacher/1008
李华光,http://www.ise.ynu.edu.cn/teacher/1007
吕闻冰,http://www.ise.ynu.edu.cn/teacher/1001
龚健,http://www.ise.ynu.edu.cn/teacher/1000
谷金晶,http://www.ise.ynu.edu.cn/teacher/999
艾明曦,http://www.ise.ynu.edu.cn/teacher/998
杨志柳,http://www.ise.ynu.edu.cn/teacher/997
胡刚,http://www.ise.ynu.edu.cn/teacher/996
何冰冰,http://www.ise.ynu.edu.cn/teacher/995
郭怡,http://www.ise.ynu.edu.cn/teacher/994
余立行,http://www.ise.ynu.edu.cn/teacher/993
刘晓非,http://www.ise.ynu.edu.cn/teacher/989
刘松岩,http://www.ise.ynu.edu.cn/teacher/982
贺康建,http://www.ise.ynu.edu.cn/teacher/980
高莲,http://www.ise.ynu.edu.cn/teacher/873
易虎,http://www.ise.ynu.edu.cn/teacher/871
吴昊,http://www.ise.ynu.edu.cn/teacher/865
段睿辉,http://www.ise.ynu.edu.cn/teacher/863
谭明川,http://www.ise.ynu.edu.cn/teacher/861
苏茜,http://www.ise.ynu.edu.cn/teacher/859
华宇,http://www.ise.ynu.edu.cn/teacher/857
林玲,http://www.ise.ynu.edu.cn/teacher/853
胡茂,http://www.ise.ynu.edu.cn/teacher/851
池宗琳,http://www.ise.ynu.edu.cn/teacher/849
肖琦,http://www.ise.ynu.edu.cn/teacher/847
葛孚华,http://www.ise.ynu.edu.cn/teacher/841
张怀雄,http://www.ise.ynu.edu.cn/teacher/839
金钊,http://www.ise.ynu.edu.cn/teacher/837
肖清,http://www.ise.ynu.edu.cn/teacher/833
尉洪,http://www.ise.ynu.edu.cn/teacher/827
周谷荣,http://www.ise.ynu.edu.cn/teacher/825
杨俊东,http://www.ise.ynu.edu.cn/teacher/687
王庆革,http://www.ise.ynu.edu.cn/teacher/685
郭亮,http://www.ise.ynu.edu.cn/teacher/683
卢杰,http://www.ise.ynu.edu.cn/teacher/1003
张博,http://www.ise.ynu.edu.cn/teacher/1002
鲁靖,http://www.ise.ynu.edu.cn/teacher/983
冯丽梅,http://www.ise.ynu.edu.cn/teacher/909
杨旭涛,http://www.ise.ynu.edu.cn/teacher/877
王思珺,http://www.ise.ynu.edu.cn/teacher/875
王兴超,http://www.ise.ynu.edu.cn/teacher/845
朱恒,http://www.ise.ynu.edu.cn/teacher/709
薛志敏,http://www.ise.ynu.edu.cn/teacher/701
安红萍,http://www.ise.ynu.edu.cn/teacher/689
林丽,http://www.ise.ynu.edu.cn/teacher/955
黎鹏,http://www.ise.ynu.edu.cn/teacher/925
徐国东,http://www.ise.ynu.edu.cn/teacher/921
陈培德,http://www.ise.ynu.edu.cn/teacher/695
石莹,http://www.ise.ynu.edu.cn/teacher/957
刘洪涛,http://www.ise.ynu.edu.cn/teacher/933
刘卫,http://www.ise.ynu.edu.cn/teacher/917
周灿东,http://www.ise.ynu.edu.cn/teacher/915
姚寒冰,http://www.ise.ynu.edu.cn/teacher/913
王昆山,http://www.ise.ynu.edu.cn/teacher/699
杨鸿卉,http://www.ise.ynu.edu.cn/teacher/697
李青,http://www.ise.ynu.edu.cn/teacher/972
杨露,http://www.ise.ynu.edu.cn/teacher/988
刘子聿,http://www.ise.ynu.edu.cn/teacher/987
彭雷,http://www.ise.ynu.edu.cn/teacher/986
王展,http://www.ise.ynu.edu.cn/teacher/985
刘健,http://www.ise.ynu.edu.cn/teacher/978
李青,http://www.ise.ynu.edu.cn/teacher/967
解伟,http://www.ise.ynu.edu.cn/teacher/965
杨松,http://www.ise.ynu.edu.cn/teacher/963
洪涛,http://www.ise.ynu.edu.cn/teacher/703
孟艺,http://www.ise.ynu.edu.cn/teacher/659
