text,label
关于外国语学院的最新通知,1
查找关于格物楼的资料,1
的张学杰的教师有哪些？,1
高等数学属于哪个学院？,1
怎么操作学生毕业审核申请学分认定办理？,0
怎样申请调停课申请？,0
学生申请课程缓考办理应该怎么办理？,0
学生申请课程缓考办理的流程是什么？,0
如何办理毕业证、学位证遗失补办证明书？的,0
我需要了解申请学历或学位证明材料办理的流程,0
学生申请课程缓考办理应该怎么办理？,0
办理学生毕业审核申请学分认定办理的具体步骤有哪些？,0
查询信息学院的详细信息,1
求毕业证、学位证补换发的完整流程说明,0
查找关于王津的资料的,1
申请申请学历或学位证明材料办理的步骤是怎样的？,0
请问本科学生放弃辅修或辅修类型变更办理需要什么步骤？,0
关于调停课申请的详细流程,0
申请本科学生放弃辅修或辅修类型变更办理的步骤是怎样的？,0
格物楼1栋1103的相关信息,1
怎样申请本科学生毕业论文（设计）工作？,0
云南大学的开放时间是？,1
高等数学的开放时间是？,1
有没有毕业证、学位证遗失补办证明书的操作指南？,0
法学院的具体位置在哪里？,1
软件学院的相关信息,1
我需要了解临时使用教室申请的流程,0
有没有本科学生毕业论文（设计）工作的操作指南？,0
怎样申请申请学历或学位证明材料办理？,0
文渊楼211的相关信息,1
关于调停课申请的详细流程,0
如何联系高等数学？,1
查找关于软件学院的资料,1
云南大学的教师有哪些？,1
法学院的开放时间是？,1
高等数学的负责部门是哪个？,1
文学院历史与档案学院的负责部门是哪个？,1
文学院历史与档案学院的负责部门是哪个？,1
查找关于文渊楼211的资料,1
的我需要了解申请学历或学位证明材料办理的流程,0
格物楼的联系方式是什么？,1
请问本科学生毕业论文（设计）工作需要什么步骤？,0
格物楼1栋1103的相关信息,1
的如何办理本科学生放弃辅修或辅修类型变更办理？,0
我需要了解临时使用教室申请的流程,0
如何联系外国语学院？,1
求本科学生放弃辅修或辅修类型变更办理的完整流程说明,0
有没有成绩单、学籍证明打印办理的操作指南？,0
申请调停课申请的步骤是怎样的？的,0
关于格物楼1栋1103的最新通知,1
怎么操作实践教学科项目经费报销？,0
高等数学的相关信息,1
法学院的具体位置在哪里？,1
王津的信息是什么？,1
我需要了解成绩单、学籍证明打印办理的流程的,0
的怎么操作学生申请课程缓考办理？,0
怎样申请学生申请课程免修办理？,0
文渊楼211的具体位置在哪里？,1
申请本科学生毕业论文（设计）工作的步骤是怎样的？,0
如何办理申请学历或学位证明材料办理？,0
信息学院的具体位置在哪里？,1
云南大学的相关信息,1
临时使用教室申请的流程是什么？,0
如何联系王津？,1
关于本科学生放弃辅修或辅修类型变更办理的详细流程,0
的办理学生申请课程免听办理的具体步骤有哪些？,0
求调停课申请的完整流程说明,0
如何办理教师办理成绩录入延期、成绩录入系数更改？,0
我需要了解调停课申请的流程,0
办理教师办理成绩录入延期、成绩录入系数更改的具体步骤有哪些？,0
的云南大学领取本科学历学位证书的办理流程是怎样的？,0
求学生申请课程缓考办理的完整流程说明,0
云南大学的具体位置在哪里？,1
申请学生申请课程免修办理的步骤是怎样的？,0
有没有毕业证、学位证补换发的操作指南？,0
文渊楼211的教师有哪些？,1
的如何办理补办学生证？,0
文渊楼211的教师有哪些？,1
高等数学的课程安排是怎样的？,1
王津的开放时间是？,1
云南大学的开放时间是？,1
查找关于云南大学呈贡校区图书馆的资料,1
求申请学历或学位证明材料办理的完整流程说明,0
的学生申请课程免修办理的办理流程是怎样的？,0
关于毕业证、学位证补换发的详细流程,0
外国语学院的课程安排是怎样的？,1
关于高等数学的最新通知,1
如何办理本科学生毕业论文（设计）工作？,0
申请修改学信网信息办理的办理流程是怎样的？,0
的关于学生申请课程免修办理的详细流程,0
的有没有补办学生证的操作指南？,0
关于C语言程序设计的最新通知,1
申请学生毕业审核申请学分认定办理的步骤是怎样的？,0
外国语学院的课程安排是怎样的？,1
关于临时使用教室申请的详细流程的,0
信息学院的相关信息,1
有没有学生申请课程免修办理的操作指南？,0
请问云南大学领取本科学历学位证书需要什么步骤？,0
查询格物楼的详细信息,1
申请云南大学领取本科学历学位证书的步骤是怎样的？,0
有没有补办学生证的操作指南？,0
C语言程序设计的联系方式是什么？,1
查询文学院历史与档案学院的详细信息的,1
怎么操作学生申请课程免听办理？,0
关于教师办理成绩录入延期、成绩录入系数更改的详细流程的,0
格物楼的信息是什么？,1
法学院的负责部门是哪个？,1
学生申请课程缓考办理的流程是什么？,0
申请学生申请课程免听办理的步骤是怎样的？,0
如何联系云南大学？,1
毕业证、学位证补换发的流程是什么？,0
求学生申请课程免修办理的完整流程说明,0
关于高等数学的最新通知,1
法学院的相关信息,1
的如何联系云南大学呈贡校区图书馆？,1
我需要了解学生毕业审核申请学分认定办理的流程,0
申请临时使用教室申请的步骤是怎样的？,0
怎样申请成绩单、学籍证明打印办理？,0
申请学历或学位证明材料办理的办理流程是怎样的？,0
如何办理补办学生证？,0
关于文渊楼211的最新通知,1
求本科学生放弃辅修或辅修类型变更办理的完整流程说明,0
格物楼的相关信息,1
的云南大学呈贡校区图书馆属于哪个学院？,1
怎样申请学生申请课程缓考办理？,0
学生申请课程免听办理应该怎么办理？,0
怎样申请申请修改学信网信息办理？,0
请问成绩单、学籍证明打印办理需要什么步骤？,0
查询格物楼1栋1103的详细信息,1
信息学院的开放时间是？,1
我需要了解大学生创新创业训练项目工作的流程,0
信息学院的负责部门是哪个？,1
文学院历史与档案学院的课程安排是怎样的？,1
查找关于张学杰的资料,1
有没有学生申请课程免听办理的操作指南？,0
求学生申请课程缓考办理的完整流程说明,0
我需要了解本科学生毕业论文（设计）工作的流程,0
法学院的联系方式是什么？,1
的文渊楼211的课程安排是怎样的？,1
调停课申请的办理流程是怎样的？,0
我需要了解教师办理成绩录入延期、成绩录入系数更改的流程,0
办理学生申请课程缓考办理的具体步骤有哪些？,0
临时使用教室申请的办理流程是怎样的？,0
怎么操作学生申请课程缓考办理？,0
张学杰的信息是什么？,1
的申请云南大学领取本科学历学位证书的步骤是怎样的？,0
有没有本科学生毕业论文（设计）工作的操作指南？,0
信息学院的相关信息,1
的请问毕业证、学位证遗失补办证明书需要什么步骤？,0
软件学院的信息是什么？,1
怎样申请申请学历或学位证明材料办理？,0
临时使用教室申请应该怎么办理？,0
的王津的教师有哪些？,1
申请成绩单、学籍证明打印办理的步骤是怎样的？,0
查找关于文学院历史与档案学院的资料,1
张学杰的相关信息,1
求学生毕业审核申请学分认定办理的完整流程说明,0
怎样申请毕业证、学位证遗失补办证明书？,0
求临时使用教室申请的完整流程说明,0
有没有大学生创新创业训练项目工作的操作指南？,0
高等数学的信息是什么？,1
云南大学呈贡校区图书馆的信息是什么？,1
有没有学生申请课程缓考办理的操作指南？,0
格物楼1栋1103的教师有哪些？,1
格物楼1栋1103的具体位置在哪里？的,1
请问毕业证、学位证遗失补办证明书需要什么步骤？,0
C语言程序设计的课程安排是怎样的？,1
的申请学历或学位证明材料办理的办理流程是怎样的？,0
的教师办理成绩录入延期、成绩录入系数更改的流程是什么？,0
有没有学生申请课程缓考办理的操作指南？,0
软件学院的相关信息,1
的办理学生申请课程免修办理的具体步骤有哪些？,0
求毕业证、学位证遗失补办证明书的完整流程说明,0
有没有毕业证、学位证遗失补办证明书的操作指南？,0
查询外国语学院的详细信息,1
怎样申请学生申请课程免修办理？,0
我需要了解实践教学科项目经费报销的流程,0
王津的相关信息,1
外国语学院的相关信息,1
的关于云南大学领取本科学历学位证书的详细流程,0
张学杰的相关信息的,1
求学生申请课程免听办理的完整流程说明,0
查询王津的详细信息,1
文渊楼211的相关信息,1
高等数学的相关信息的,1
学生毕业审核申请学分认定办理的办理流程是怎样的？的,0
申请本科学生毕业论文（设计）工作的步骤是怎样的？,0
云南大学的教师有哪些？,1
关于大学生创新创业训练项目工作的详细流程,0
格物楼1栋1103属于哪个学院？,1
求本科学生放弃辅修或辅修类型变更办理的完整流程说明,0
格物楼1栋1103的课程安排是怎样的？,1
云南大学呈贡校区图书馆属于哪个学院？,1
文学院历史与档案学院的教师有哪些？,1
学生毕业审核申请学分认定办理的办理流程是怎样的？,0
查找关于王津的资料,1
的关于实践教学科项目经费报销的详细流程,0
查询法学院的详细信息,1
我需要了解毕业证、学位证补换发的流程的,0
关于补办学生证的详细流程,0
信息学院的教师有哪些？,1
求实践教学科项目经费报销的完整流程说明,0
怎样申请学生申请课程免听办理？,0
如何办理调停课申请？,0
如何办理学生毕业审核申请学分认定办理？,0
请问调停课申请需要什么步骤？,0
格物楼1栋1103属于哪个学院？,1
高等数学的课程安排是怎样的？,1
关于云南大学呈贡校区图书馆的最新通知,1
申请大学生创新创业训练项目工作的步骤是怎样的？,0
申请教师办理成绩录入延期、成绩录入系数更改的步骤是怎样的？,0
文学院历史与档案学院的课程安排是怎样的？,1
格物楼属于哪个学院？,1
文渊楼211属于哪个学院？,1
怎样申请学生申请课程免听办理？,0
我需要了解临时使用教室申请的流程,0
格物楼的课程安排是怎样的？,1
办理调停课申请的具体步骤有哪些？,0
申请调停课申请的步骤是怎样的？,0
怎样申请申请学历或学位证明材料办理？,0
高等数学的联系方式是什么？,1
学生申请课程免修办理应该怎么办理？,0
文渊楼211属于哪个学院？,1
申请申请学历或学位证明材料办理的步骤是怎样的？,0
请问临时使用教室申请需要什么步骤？,0
云南大学呈贡校区图书馆的开放时间是？,1
我需要了解成绩单、学籍证明打印办理的流程的,0
王津的联系方式是什么？,1
张学杰的信息是什么？,1
大学生创新创业训练项目工作应该怎么办理？,0
怎么操作学生申请课程免修办理？,0
学生申请课程免听办理的办理流程是怎样的？,0
申请教师办理成绩录入延期、成绩录入系数更改的步骤是怎样的？,0
怎样申请教师办理成绩录入延期、成绩录入系数更改？,0
外国语学院的具体位置在哪里？,1
补办学生证的流程是什么？,0
有没有补办学生证的操作指南？,0
补办学生证应该怎么办理？,0
软件学院的负责部门是哪个？,1
有没有教师办理成绩录入延期、成绩录入系数更改的操作指南？,0
的软件学院的联系方式是什么？,1
实践教学科项目经费报销的办理流程是怎样的？,0
格物楼1栋1103的联系方式是什么？,1
的我需要了解学生毕业审核申请学分认定办理的流程,0
求成绩单、学籍证明打印办理的完整流程说明,0
关于文学院历史与档案学院的最新通知,1
的怎样申请补办学生证？,0
云南大学的联系方式是什么？,1
高等数学的具体位置在哪里？,1
怎么操作申请学历或学位证明材料办理？,0
怎样申请临时使用教室申请？,0
关于学生申请课程免修办理的详细流程,0
云南大学的开放时间是？,1
本科学生毕业论文（设计）工作应该怎么办理？,0
文学院历史与档案学院的相关信息的,1
云南大学呈贡校区图书馆的具体位置在哪里？,1
怎么操作毕业证、学位证补换发？,0
信息学院的开放时间是？,1
如何联系法学院？,1
外国语学院的具体位置在哪里？,1
我需要了解本科学生毕业论文（设计）工作的流程的,0
查找关于王津的资料,1
法学院的联系方式是什么？,1
的学生申请课程免听办理应该怎么办理？,0
如何办理学生申请课程免听办理？,0
有没有实践教学科项目经费报销的操作指南？的,0
云南大学呈贡校区图书馆的负责部门是哪个？,1
外国语学院的开放时间是？,1
如何办理学生毕业审核申请学分认定办理？,0
办理大学生创新创业训练项目工作的具体步骤有哪些？,0
关于信息学院的最新通知,1
外国语学院的教师有哪些？,1
查找关于格物楼1栋1103的资料的,1
关于学生毕业审核申请学分认定办理的详细流程,0
云南大学的课程安排是怎样的？,1
法学院的信息是什么？,1
查找关于张学杰的资料,1
我需要了解教师办理成绩录入延期、成绩录入系数更改的流程,0
办理申请修改学信网信息办理的具体步骤有哪些？,0
申请临时使用教室申请的步骤是怎样的？,0
我需要了解毕业证、学位证遗失补办证明书的流程,0
怎么操作毕业证、学位证补换发？,0
文渊楼211的信息是什么？,1
云南大学的具体位置在哪里？,1
办理本科学生放弃辅修或辅修类型变更办理的具体步骤有哪些？,0
我需要了解云南大学领取本科学历学位证书的流程,0
信息学院的具体位置在哪里？,1
信息学院的教师有哪些？,1
查询信息学院的详细信息,1
法学院的负责部门是哪个？,1
我需要了解本科学生放弃辅修或辅修类型变更办理的流程,0
查询张学杰的详细信息,1
怎么操作毕业证、学位证遗失补办证明书？,0
云南大学的信息是什么？,1
如何联系信息学院？的,1
如何联系文渊楼211？,1
有没有毕业证、学位证遗失补办证明书的操作指南？,0
法学院的负责部门是哪个？,1
如何办理学生申请课程缓考办理？,0
本科学生毕业论文（设计）工作应该怎么办理？,0
的王津的具体位置在哪里？,1
教师办理成绩录入延期、成绩录入系数更改的办理流程是怎样的？,0
我需要了解调停课申请的流程,0
高等数学的联系方式是什么？,1
有没有大学生创新创业训练项目工作的操作指南？,0
的如何联系云南大学？,1
查询文渊楼211的详细信息,1
软件学院的信息是什么？,1
的张学杰的教师有哪些？,1
有没有临时使用教室申请的操作指南？,0
外国语学院的教师有哪些？,1
格物楼1栋1103的负责部门是哪个？,1
申请申请修改学信网信息办理的步骤是怎样的？,0
请问毕业证、学位证补换发需要什么步骤？,0
王津的教师有哪些？,1
求补办学生证的完整流程说明,0
格物楼的联系方式是什么？,1
云南大学领取本科学历学位证书应该怎么办理？,0
查询云南大学的详细信息,1
的大学生创新创业训练项目工作的办理流程是怎样的？,0
查找关于信息学院的资料,1
软件学院的教师有哪些？的,1
办理学生申请课程免听办理的具体步骤有哪些？,0
我需要了解实践教学科项目经费报销的流程,0
文渊楼211的开放时间是？,1
申请补办学生证的步骤是怎样的？,0
C语言程序设计属于哪个学院？,1
申请云南大学领取本科学历学位证书的步骤是怎样的？,0
有没有调停课申请的操作指南？,0
毕业证、学位证遗失补办证明书应该怎么办理？,0
如何办理临时使用教室申请？,0
办理学生申请课程缓考办理的具体步骤有哪些？,0
格物楼1栋1103的课程安排是怎样的？,1
关于C语言程序设计的最新通知的,1
本科学生放弃辅修或辅修类型变更办理应该怎么办理？,0
成绩单、学籍证明打印办理的办理流程是怎样的？,0
格物楼的负责部门是哪个？,1
如何办理学生申请课程缓考办理？,0
怎样申请本科学生毕业论文（设计）工作？,0
毕业证、学位证遗失补办证明书的办理流程是怎样的？,0
怎样申请本科学生放弃辅修或辅修类型变更办理？,0
外国语学院的开放时间是？的,1
实践教学科项目经费报销应该怎么办理？,0
文渊楼211的教师有哪些？,1
怎样申请补办学生证？,0
办理毕业证、学位证补换发的具体步骤有哪些？,0
张学杰的负责部门是哪个？,1
高等数学的信息是什么？,1
我需要了解调停课申请的流程,0
关于学生申请课程缓考办理的详细流程,0
怎样申请学生申请课程缓考办理？,0
学生申请课程免修办理的流程是什么？,0
如何办理云南大学领取本科学历学位证书？,0
高等数学的课程安排是怎样的？,1
格物楼1栋1103的联系方式是什么？,1
关于云南大学的最新通知,1
请问本科学生毕业论文（设计）工作需要什么步骤？,0
成绩单、学籍证明打印办理的办理流程是怎样的？,0
关于学生申请课程缓考办理的详细流程,0
C语言程序设计的负责部门是哪个？,1
关于王津的最新通知,1
云南大学呈贡校区图书馆的教师有哪些？,1
王津的负责部门是哪个？,1
文学院历史与档案学院的具体位置在哪里？,1
请问学生申请课程缓考办理需要什么步骤？,0
我需要了解申请学历或学位证明材料办理的流程,0
查询软件学院的详细信息,1
有没有学生申请课程免听办理的操作指南？,0
云南大学呈贡校区图书馆的具体位置在哪里？,1
格物楼1栋1103的负责部门是哪个？,1
格物楼1栋1103的教师有哪些？,1
云南大学的课程安排是怎样的？,1
怎么操作云南大学领取本科学历学位证书？,0
如何办理实践教学科项目经费报销？,0
有没有毕业证、学位证遗失补办证明书的操作指南？,0
求大学生创新创业训练项目工作的完整流程说明,0
临时使用教室申请应该怎么办理？,0
C语言程序设计的课程安排是怎样的？,1
云南大学呈贡校区图书馆的相关信息,1
C语言程序设计的信息是什么？,1
怎么操作云南大学领取本科学历学位证书？,0
软件学院的负责部门是哪个？,1
有没有学生申请课程缓考办理的操作指南？,0
的文学院历史与档案学院的联系方式是什么？,1
高等数学的相关信息,1
求云南大学领取本科学历学位证书的完整流程说明,0
办理临时使用教室申请的具体步骤有哪些？,0
有没有申请学历或学位证明材料办理的操作指南？,0
办理毕业证、学位证补换发的具体步骤有哪些？,0
如何办理云南大学领取本科学历学位证书？,0
云南大学的信息是什么？,1
大学生创新创业训练项目工作的流程是什么？,0
申请学历或学位证明材料办理应该怎么办理？,0
教师办理成绩录入延期、成绩录入系数更改应该怎么办理？,0
求临时使用教室申请的完整流程说明,0
文学院历史与档案学院的具体位置在哪里？的,1
的如何办理学生申请课程免修办理？,0
软件学院的课程安排是怎样的？,1
查找关于云南大学呈贡校区图书馆的资料,1
临时使用教室申请的流程是什么？,0
查询法学院的详细信息,1
云南大学呈贡校区图书馆的信息是什么？,1
怎样申请云南大学领取本科学历学位证书？的,0
王津的相关信息,1
申请修改学信网信息办理的办理流程是怎样的？,0
如何联系C语言程序设计？,1
申请学生申请课程免修办理的步骤是怎样的？,0
关于信息学院的最新通知的,1
查询高等数学的详细信息,1
求本科学生毕业论文（设计）工作的完整流程说明,0
怎么操作毕业证、学位证遗失补办证明书？,0
关于学生毕业审核申请学分认定办理的详细流程,0
云南大学的负责部门是哪个？,1
C语言程序设计属于哪个学院？,1
的文渊楼211的开放时间是？,1
请问毕业证、学位证补换发需要什么步骤？,0
怎么操作申请学历或学位证明材料办理？,0
查询高等数学的详细信息,1
申请学历或学位证明材料办理应该怎么办理？,0
王津的课程安排是怎样的？,1
补办学生证的办理流程是怎样的？,0
C语言程序设计属于哪个学院？,1
软件学院属于哪个学院？的,1
如何联系文渊楼211？的,1
文渊楼211的负责部门是哪个？,1
云南大学呈贡校区图书馆的联系方式是什么？,1
C语言程序设计的负责部门是哪个？,1
信息学院的课程安排是怎样的？的,1
申请本科学生放弃辅修或辅修类型变更办理的步骤是怎样的？,0
请问云南大学领取本科学历学位证书需要什么步骤？,0
关于文渊楼211的最新通知的,1
补办学生证的办理流程是怎样的？,0
学生申请课程免听办理应该怎么办理？,0
C语言程序设计的信息是什么？,1
张学杰属于哪个学院？,1
关于毕业证、学位证补换发的详细流程,0
我需要了解学生申请课程免听办理的流程,0
实践教学科项目经费报销的办理流程是怎样的？,0
的软件学院的教师有哪些？,1
求毕业证、学位证补换发的完整流程说明的,0
的查询外国语学院的详细信息,1
怎样申请本科学生放弃辅修或辅修类型变更办理？,0
的高等数学的教师有哪些？,1
软件学院的开放时间是？,1
学生毕业审核申请学分认定办理应该怎么办理？,0
实践教学科项目经费报销应该怎么办理？,0
怎样申请学生申请课程免修办理？,0
C语言程序设计的信息是什么？,1
如何联系格物楼1栋1103？,1
信息学院的课程安排是怎样的？,1
如何联系文学院历史与档案学院？,1
外国语学院属于哪个学院？,1
请问实践教学科项目经费报销需要什么步骤？,0
有没有申请学历或学位证明材料办理的操作指南？,0
的学生申请课程免听办理的办理流程是怎样的？,0
有没有学生申请课程免听办理的操作指南？,0
成绩单、学籍证明打印办理的流程是什么？,0
信息学院的联系方式是什么？,1
的关于成绩单、学籍证明打印办理的详细流程,0
查询云南大学的详细信息,1
本科学生放弃辅修或辅修类型变更办理的流程是什么？,0
有没有成绩单、学籍证明打印办理的操作指南？,0
关于高等数学的最新通知,1
如何办理云南大学领取本科学历学位证书？,0
如何办理调停课申请？,0
的如何联系文学院历史与档案学院？,1
张学杰的信息是什么？,1
的法学院的课程安排是怎样的？,1
我需要了解学生申请课程免修办理的流程,0
求调停课申请的完整流程说明的,0
信息学院的具体位置在哪里？,1
查找关于云南大学的资料,1
求云南大学领取本科学历学位证书的完整流程说明,0
查找关于高等数学的资料的,1
如何联系法学院？的,1
法学院的课程安排是怎样的？,1
信息学院的负责部门是哪个？,1
如何联系软件学院？的,1
关于毕业证、学位证遗失补办证明书的详细流程,0
怎样申请实践教学科项目经费报销？,0
格物楼的课程安排是怎样的？,1
申请学生申请课程缓考办理的步骤是怎样的？,0
的信息学院的相关信息,1
张学杰的联系方式是什么？,1
如何办理毕业证、学位证补换发？,0
办理临时使用教室申请的具体步骤有哪些？,0
信息学院属于哪个学院？,1
请问补办学生证需要什么步骤？,0
有没有教师办理成绩录入延期、成绩录入系数更改的操作指南？,0
怎样申请申请修改学信网信息办理？,0
关于软件学院的最新通知,1
外国语学院的课程安排是怎样的？,1
的查找关于文渊楼211的资料,1
查找关于张学杰的资料,1
如何联系软件学院？的,1
求实践教学科项目经费报销的完整流程说明,0
申请学生申请课程免听办理的步骤是怎样的？,0
关于毕业证、学位证遗失补办证明书的详细流程,0
云南大学呈贡校区图书馆的联系方式是什么？,1
申请补办学生证的步骤是怎样的？,0
有没有学生申请课程免修办理的操作指南？,0
的如何联系格物楼1栋1103？,1
我需要了解毕业证、学位证补换发的流程,0
文学院历史与档案学院的负责部门是哪个？,1
的办理毕业证、学位证补换发的具体步骤有哪些？,0
办理云南大学领取本科学历学位证书的具体步骤有哪些？,0
怎样申请补办学生证？,0
的怎么操作毕业证、学位证遗失补办证明书？,0
的格物楼1栋1103属于哪个学院？,1
关于学生申请课程缓考办理的详细流程,0
我需要了解毕业证、学位证补换发的流程,0
有没有云南大学领取本科学历学位证书的操作指南？,0
如何办理成绩单、学籍证明打印办理？,0
的请问学生申请课程免修办理需要什么步骤？,0
办理临时使用教室申请的具体步骤有哪些？,0
求学生申请课程免修办理的完整流程说明,0
查找关于格物楼的资料,1
C语言程序设计的教师有哪些？,1
怎么操作临时使用教室申请？的,0
查找关于格物楼的资料,1
申请成绩单、学籍证明打印办理的步骤是怎样的？,0
张学杰属于哪个学院？的,1
查询格物楼的详细信息,1
如何联系高等数学？,1
请问毕业证、学位证遗失补办证明书需要什么步骤？,0
请问本科学生放弃辅修或辅修类型变更办理需要什么步骤？,0
如何办理大学生创新创业训练项目工作？,0
查询C语言程序设计的详细信息,1
申请修改学信网信息办理的办理流程是怎样的？,0
的办理学生毕业审核申请学分认定办理的具体步骤有哪些？,0
文学院历史与档案学院的负责部门是哪个？,1
有没有学生申请课程免修办理的操作指南？,0
学生申请课程免听办理的办理流程是怎样的？,0
关于格物楼1栋1103的最新通知,1
关于法学院的最新通知,1
张学杰的联系方式是什么？,1
我需要了解大学生创新创业训练项目工作的流程,0
有没有大学生创新创业训练项目工作的操作指南？,0
的请问学生申请课程缓考办理需要什么步骤？,0
请问学生毕业审核申请学分认定办理需要什么步骤？,0
申请学历或学位证明材料办理应该怎么办理？,0
请问申请修改学信网信息办理需要什么步骤？,0
查找关于软件学院的资料,1
外国语学院的开放时间是？,1
信息学院的联系方式是什么？,1
学生申请课程缓考办理的流程是什么？,0
信息学院的课程安排是怎样的？,1
格物楼的相关信息,1
关于张学杰的最新通知,1
王津的联系方式是什么？,1
办理云南大学领取本科学历学位证书的具体步骤有哪些？,0
办理毕业证、学位证遗失补办证明书的具体步骤有哪些？,0
高等数学的相关信息,1
学生申请课程缓考办理的办理流程是怎样的？,0
临时使用教室申请应该怎么办理？,0
请问本科学生毕业论文（设计）工作需要什么步骤？,0
怎么操作大学生创新创业训练项目工作？,0
的如何办理教师办理成绩录入延期、成绩录入系数更改？,0
办理学生申请课程免修办理的具体步骤有哪些？,0
外国语学院的教师有哪些？,1
毕业证、学位证遗失补办证明书应该怎么办理？,0
软件学院属于哪个学院？,1
C语言程序设计的相关信息,1
法学院的开放时间是？,1
怎么操作本科学生毕业论文（设计）工作？,0
求学生申请课程免修办理的完整流程说明,0
办理本科学生放弃辅修或辅修类型变更办理的具体步骤有哪些？,0
申请本科学生毕业论文（设计）工作的步骤是怎样的？,0
文渊楼211的负责部门是哪个？,1
毕业证、学位证遗失补办证明书的流程是什么？,0
怎么操作大学生创新创业训练项目工作？,0
办理本科学生毕业论文（设计）工作的具体步骤有哪些？,0
求教师办理成绩录入延期、成绩录入系数更改的完整流程说明,0
软件学院的负责部门是哪个？,1
云南大学属于哪个学院？,1
格物楼的联系方式是什么？,1
怎么操作申请修改学信网信息办理？,0
本科学生放弃辅修或辅修类型变更办理的办理流程是怎样的？,0
关于申请修改学信网信息办理的详细流程,0
关于软件学院的最新通知,1
关于云南大学领取本科学历学位证书的详细流程,0
大学生创新创业训练项目工作的流程是什么？,0
求教师办理成绩录入延期、成绩录入系数更改的完整流程说明,0
怎么操作学生申请课程免听办理？,0
软件学院的相关信息,1
我需要了解成绩单、学籍证明打印办理的流程,0
本科学生放弃辅修或辅修类型变更办理应该怎么办理？,0
请问学生毕业审核申请学分认定办理需要什么步骤？,0
关于学生毕业审核申请学分认定办理的详细流程,0
求本科学生毕业论文（设计）工作的完整流程说明,0
云南大学领取本科学历学位证书应该怎么办理？,0
如何联系文学院历史与档案学院？,1
有没有本科学生放弃辅修或辅修类型变更办理的操作指南？,0
求学生申请课程缓考办理的完整流程说明,0
有没有临时使用教室申请的操作指南？,0
的云南大学的课程安排是怎样的？,1
格物楼1栋1103的相关信息,1
法学院属于哪个学院？,1
查询张学杰的详细信息,1
申请修改学信网信息办理应该怎么办理？,0
有没有实践教学科项目经费报销的操作指南？,0
文学院历史与档案学院的具体位置在哪里？,1
大学生创新创业训练项目工作应该怎么办理？,0
我需要了解教师办理成绩录入延期、成绩录入系数更改的流程,0
关于临时使用教室申请的详细流程,0
有没有学生毕业审核申请学分认定办理的操作指南？,0
申请调停课申请的步骤是怎样的？,0
临时使用教室申请的办理流程是怎样的？的,0
如何联系张学杰？,1
查询云南大学呈贡校区图书馆的详细信息,1
格物楼的开放时间是？,1
本科学生毕业论文（设计）工作的流程是什么？,0
的申请学生申请课程免修办理的步骤是怎样的？,0
请问教师办理成绩录入延期、成绩录入系数更改需要什么步骤？,0
成绩单、学籍证明打印办理应该怎么办理？,0
格物楼1栋1103的信息是什么？,1
文渊楼211的相关信息,1
信息学院的开放时间是？,1
法学院属于哪个学院？,1
实践教学科项目经费报销的办理流程是怎样的？,0
法学院属于哪个学院？,1
关于文学院历史与档案学院的最新通知,1
外国语学院的开放时间是？,1
怎样申请实践教学科项目经费报销？,0
王津的具体位置在哪里？,1
怎么操作学生毕业审核申请学分认定办理？,0
学生毕业审核申请学分认定办理的办理流程是怎样的？,0
的办理教师办理成绩录入延期、成绩录入系数更改的具体步骤有哪些？,0
信息学院属于哪个学院？,1
申请临时使用教室申请的步骤是怎样的？,0
请问大学生创新创业训练项目工作需要什么步骤？,0
的如何联系高等数学？,1
关于格物楼的最新通知的,1
的文学院历史与档案学院的教师有哪些？,1
学生申请课程免听办理的流程是什么？,0
软件学院的具体位置在哪里？,1
外国语学院的课程安排是怎样的？的,1
如何联系王津？,1
请问补办学生证需要什么步骤？,0
C语言程序设计的联系方式是什么？,1
查找关于格物楼的资料,1
张学杰的教师有哪些？,1
怎么操作临时使用教室申请？,0
怎么操作补办学生证？,0
王津的开放时间是？,1
本科学生放弃辅修或辅修类型变更办理应该怎么办理？,0
学生申请课程免听办理的流程是什么？,0
软件学院的联系方式是什么？,1
求实践教学科项目经费报销的完整流程说明,0
格物楼的课程安排是怎样的？,1
的信息学院的信息是什么？,1
怎样申请教师办理成绩录入延期、成绩录入系数更改？,0
本科学生毕业论文（设计）工作的流程是什么？,0
格物楼的负责部门是哪个？,1
办理实践教学科项目经费报销的具体步骤有哪些？,0
高等数学的联系方式是什么？,1
毕业证、学位证遗失补办证明书应该怎么办理？,0
C语言程序设计的负责部门是哪个？,1
查询高等数学的详细信息,1
如何联系格物楼1栋1103？,1
申请修改学信网信息办理的流程是什么？,0
有没有学生毕业审核申请学分认定办理的操作指南？,0
求调停课申请的完整流程说明,0
格物楼的具体位置在哪里？,1
王津的负责部门是哪个？,1
高等数学的负责部门是哪个？,1
求学生申请课程缓考办理的完整流程说明,0
文渊楼211的信息是什么？,1
有没有申请学历或学位证明材料办理的操作指南？,0
格物楼的具体位置在哪里？,1
申请学生申请课程免修办理的步骤是怎样的？,0
外国语学院的负责部门是哪个？,1
云南大学呈贡校区图书馆的相关信息,1
查找关于法学院的资料,1
申请学生申请课程缓考办理的步骤是怎样的？,0
毕业证、学位证补换发的办理流程是怎样的？,0
格物楼1栋1103的相关信息,1
的有没有申请修改学信网信息办理的操作指南？,0
查询高等数学的详细信息,1
怎么操作云南大学领取本科学历学位证书？的,0
申请学生毕业审核申请学分认定办理的步骤是怎样的？,0
高等数学的教师有哪些？,1
如何联系王津？,1
关于本科学生放弃辅修或辅修类型变更办理的详细流程,0
王津的课程安排是怎样的？,1
申请大学生创新创业训练项目工作的步骤是怎样的？,0
怎样申请学生申请课程免听办理？,0
张学杰的课程安排是怎样的？,1
怎样申请学生申请课程免听办理？,0
实践教学科项目经费报销应该怎么办理？的,0
C语言程序设计的具体位置在哪里？,1
怎么操作云南大学领取本科学历学位证书？,0
有没有学生毕业审核申请学分认定办理的操作指南？,0
文渊楼211的开放时间是？的,1
我需要了解大学生创新创业训练项目工作的流程,0
如何联系云南大学呈贡校区图书馆？,1
我需要了解调停课申请的流程,0
请问云南大学领取本科学历学位证书需要什么步骤？,0
格物楼1栋1103的负责部门是哪个？,1
怎么操作教师办理成绩录入延期、成绩录入系数更改？,0
的王津的信息是什么？,1
办理补办学生证的具体步骤有哪些？,0
关于毕业证、学位证遗失补办证明书的详细流程,0
学生申请课程缓考办理应该怎么办理？,0
请问调停课申请需要什么步骤？,0
的办理申请学历或学位证明材料办理的具体步骤有哪些？,0
的如何办理调停课申请？,0
关于王津的最新通知,1
请问学生申请课程免听办理需要什么步骤？,0
关于本科学生放弃辅修或辅修类型变更办理的详细流程,0
求申请修改学信网信息办理的完整流程说明,0
格物楼1栋1103的具体位置在哪里？,1
请问教师办理成绩录入延期、成绩录入系数更改需要什么步骤？,0
关于教师办理成绩录入延期、成绩录入系数更改的详细流程,0
怎么操作调停课申请？,0
的怎样申请调停课申请？,0
怎么操作学生申请课程免修办理？,0
如何办理毕业证、学位证遗失补办证明书？,0
怎么操作学生申请课程缓考办理？,0
查询云南大学呈贡校区图书馆的详细信息,1
我需要了解申请学历或学位证明材料办理的流程,0
如何联系格物楼？,1
关于学生申请课程缓考办理的详细流程,0
关于补办学生证的详细流程,0
关于高等数学的最新通知,1
关于实践教学科项目经费报销的详细流程,0
如何办理申请学历或学位证明材料办理？,0
如何联系外国语学院？,1
有没有毕业证、学位证补换发的操作指南？,0
办理实践教学科项目经费报销的具体步骤有哪些？,0
信息学院的信息是什么？,1
实践教学科项目经费报销的流程是什么？,0
我需要了解教师办理成绩录入延期、成绩录入系数更改的流程,0
格物楼的教师有哪些？,1
请问调停课申请需要什么步骤？,0
文学院历史与档案学院的教师有哪些？,1
的云南大学领取本科学历学位证书的流程是什么？,0
怎么操作毕业证、学位证遗失补办证明书？,0
文学院历史与档案学院的开放时间是？,1
办理申请修改学信网信息办理的具体步骤有哪些？,0
如何办理成绩单、学籍证明打印办理？的,0
文渊楼211的联系方式是什么？的,1
信息学院的联系方式是什么？,1
软件学院的教师有哪些？,1
文渊楼211的课程安排是怎样的？,1
的张学杰的教师有哪些？,1
文学院历史与档案学院的教师有哪些？,1
怎么操作大学生创新创业训练项目工作？,0
求毕业证、学位证遗失补办证明书的完整流程说明,0
的文学院历史与档案学院的相关信息,1
我需要了解学生申请课程免听办理的流程,0
王津的课程安排是怎样的？,1
法学院的相关信息,1
有没有学生毕业审核申请学分认定办理的操作指南？,0
学生毕业审核申请学分认定办理应该怎么办理？,0
格物楼属于哪个学院？,1
毕业证、学位证补换发的办理流程是怎样的？,0
文学院历史与档案学院属于哪个学院？,1
如何联系云南大学呈贡校区图书馆？的,1
云南大学领取本科学历学位证书的流程是什么？,0
文渊楼211的联系方式是什么？,1
毕业证、学位证遗失补办证明书的办理流程是怎样的？,0
如何办理学生申请课程免修办理？,0
关于临时使用教室申请的详细流程,0
高等数学的负责部门是哪个？,1
关于法学院的最新通知,1
求学生毕业审核申请学分认定办理的完整流程说明,0
怎么操作申请修改学信网信息办理？,0
软件学院的具体位置在哪里？,1
怎么操作大学生创新创业训练项目工作？,0
关于实践教学科项目经费报销的详细流程,0
关于法学院的最新通知,1
查找关于云南大学的资料,1
申请修改学信网信息办理应该怎么办理？,0
有没有云南大学领取本科学历学位证书的操作指南？,0
如何办理本科学生放弃辅修或辅修类型变更办理？,0
云南大学属于哪个学院？,1
的王津的信息是什么？,1
格物楼1栋1103的课程安排是怎样的？,1
怎样申请大学生创新创业训练项目工作？,0
求补办学生证的完整流程说明,0
关于文学院历史与档案学院的最新通知,1
云南大学呈贡校区图书馆的负责部门是哪个？,1
的申请申请修改学信网信息办理的步骤是怎样的？,0
怎样申请临时使用教室申请？,0
申请修改学信网信息办理应该怎么办理？,0
文学院历史与档案学院的信息是什么？,1
办理申请学历或学位证明材料办理的具体步骤有哪些？,0
求补办学生证的完整流程说明,0
信息学院的信息是什么？,1
的怎样申请云南大学领取本科学历学位证书？,0
办理调停课申请的具体步骤有哪些？,0
有没有学生申请课程免修办理的操作指南？,0
求云南大学领取本科学历学位证书的完整流程说明,0
毕业证、学位证遗失补办证明书的办理流程是怎样的？,0
大学生创新创业训练项目工作的办理流程是怎样的？,0
补办学生证的流程是什么？的,0
如何联系软件学院？,1
办理云南大学领取本科学历学位证书的具体步骤有哪些？,0
关于外国语学院的最新通知,1
云南大学的相关信息,1
文学院历史与档案学院的开放时间是？的,1
关于教师办理成绩录入延期、成绩录入系数更改的详细流程,0
怎么操作实践教学科项目经费报销？,0
学生申请课程缓考办理的办理流程是怎样的？,0
请问教师办理成绩录入延期、成绩录入系数更改需要什么步骤？,0
云南大学呈贡校区图书馆的开放时间是？,1
关于王津的最新通知,1
办理学生申请课程缓考办理的具体步骤有哪些？,0
查询格物楼的详细信息,1
C语言程序设计的相关信息,1
怎样申请申请学历或学位证明材料办理？,0
云南大学呈贡校区图书馆的教师有哪些？,1
查询云南大学呈贡校区图书馆的详细信息,1
外国语学院的相关信息,1
格物楼的教师有哪些？的,1
文学院历史与档案学院的开放时间是？,1
申请本科学生放弃辅修或辅修类型变更办理的步骤是怎样的？,0
毕业证、学位证遗失补办证明书的流程是什么？,0
信息学院的课程安排是怎样的？,1
有没有本科学生毕业论文（设计）工作的操作指南？,0
学生毕业审核申请学分认定办理应该怎么办理？,0
格物楼的信息是什么？,1
高等数学的负责部门是哪个？,1
毕业证、学位证补换发的流程是什么？,0
查找关于高等数学的资料的,1
怎样申请学生毕业审核申请学分认定办理？,0
临时使用教室申请的办理流程是怎样的？,0
外国语学院的联系方式是什么？,1
本科学生毕业论文（设计）工作的办理流程是怎样的？,0
请问申请学历或学位证明材料办理需要什么步骤？,0
求学生毕业审核申请学分认定办理的完整流程说明,0
C语言程序设计属于哪个学院？,1
文渊楼211的具体位置在哪里？,1
C语言程序设计的课程安排是怎样的？,1
本科学生毕业论文（设计）工作的办理流程是怎样的？,0
信息学院的教师有哪些？,1
有没有毕业证、学位证补换发的操作指南？,0
云南大学呈贡校区图书馆的教师有哪些？,1
如何办理申请修改学信网信息办理？,0
张学杰的课程安排是怎样的？,1
C语言程序设计的具体位置在哪里？,1
文学院历史与档案学院的课程安排是怎样的？,1
申请学生申请课程免听办理的步骤是怎样的？,0
的请问补办学生证需要什么步骤？,0
怎样申请教师办理成绩录入延期、成绩录入系数更改？的,0
张学杰的信息是什么？,1
查找关于信息学院的资料,1
张学杰的课程安排是怎样的？的,1
文学院历史与档案学院属于哪个学院？,1
查找关于张学杰的资料,1
云南大学属于哪个学院？,1
的外国语学院的信息是什么？,1
有没有调停课申请的操作指南？,0
查询张学杰的详细信息,1
办理申请修改学信网信息办理的具体步骤有哪些？,0
学生申请课程免修办理的办理流程是怎样的？,0
信息学院的开放时间是？,1
如何办理云南大学领取本科学历学位证书？,0
怎样申请学生毕业审核申请学分认定办理？,0
查询格物楼1栋1103的详细信息,1
如何办理毕业证、学位证遗失补办证明书？,0
调停课申请的流程是什么？,0
我需要了解云南大学领取本科学历学位证书的流程,0
查找关于文渊楼211的资料,1
如何办理本科学生毕业论文（设计）工作？,0
本科学生毕业论文（设计）工作的流程是什么？,0
高等数学的开放时间是？,1
办理申请修改学信网信息办理的具体步骤有哪些？,0
查找关于C语言程序设计的资料的,1
的本科学生放弃辅修或辅修类型变更办理的流程是什么？,0
关于云南大学的最新通知,1
如何联系C语言程序设计？的,1
请问成绩单、学籍证明打印办理需要什么步骤？,0
云南大学呈贡校区图书馆的课程安排是怎样的？,1
高等数学的信息是什么？,1
毕业证、学位证补换发应该怎么办理？,0
的大学生创新创业训练项目工作的办理流程是怎样的？,0
如何办理毕业证、学位证遗失补办证明书？,0
有没有本科学生放弃辅修或辅修类型变更办理的操作指南？,0
有没有云南大学领取本科学历学位证书的操作指南？,0
云南大学呈贡校区图书馆的开放时间是？,1
办理学生申请课程免听办理的具体步骤有哪些？,0
软件学院的开放时间是？,1
申请补办学生证的步骤是怎样的？,0
关于学生申请课程免听办理的详细流程,0
格物楼1栋1103的开放时间是？,1
学生申请课程缓考办理的办理流程是怎样的？,0
云南大学呈贡校区图书馆的相关信息,1
云南大学的负责部门是哪个？的,1
文渊楼211属于哪个学院？,1
申请毕业证、学位证遗失补办证明书的步骤是怎样的？,0
成绩单、学籍证明打印办理的办理流程是怎样的？,0
办理本科学生毕业论文（设计）工作的具体步骤有哪些？,0
关于补办学生证的详细流程,0
请问补办学生证需要什么步骤？,0
法学院的开放时间是？,1
关于云南大学呈贡校区图书馆的最新通知,1
查询云南大学的详细信息,1
怎么操作成绩单、学籍证明打印办理？,0
如何联系文学院历史与档案学院？,1
C语言程序设计的具体位置在哪里？,1
补办学生证应该怎么办理？,0
怎样申请毕业证、学位证补换发？,0
查询文渊楼211的详细信息,1
怎么操作本科学生毕业论文（设计）工作？,0
的关于毕业证、学位证遗失补办证明书的详细流程,0
外国语学院的相关信息,1
文渊楼211的具体位置在哪里？,1
如何联系张学杰？,1
外国语学院的联系方式是什么？,1
查询信息学院的详细信息,1
格物楼1栋1103的具体位置在哪里？,1
云南大学领取本科学历学位证书的流程是什么？,0
云南大学领取本科学历学位证书的办理流程是怎样的？,0
求毕业证、学位证遗失补办证明书的完整流程说明,0
云南大学领取本科学历学位证书的办理流程是怎样的？,0
怎么操作临时使用教室申请？,0
查询外国语学院的详细信息,1
张学杰的相关信息,1
王津的教师有哪些？,1
查找关于软件学院的资料,1
查询王津的详细信息,1
查找关于云南大学呈贡校区图书馆的资料,1
办理申请学历或学位证明材料办理的具体步骤有哪些？,0
云南大学的负责部门是哪个？,1
怎么操作本科学生放弃辅修或辅修类型变更办理？,0
的申请教师办理成绩录入延期、成绩录入系数更改的步骤是怎样的？,0
怎么操作调停课申请？,0
申请学历或学位证明材料办理应该怎么办理？,0
申请申请学历或学位证明材料办理的步骤是怎样的？,0
的怎么操作本科学生毕业论文（设计）工作？,0
格物楼的具体位置在哪里？,1
请问学生申请课程缓考办理需要什么步骤？,0
申请云南大学领取本科学历学位证书的步骤是怎样的？的,0
有没有申请修改学信网信息办理的操作指南？,0
调停课申请应该怎么办理？,0
云南大学领取本科学历学位证书应该怎么办理？,0
请问毕业证、学位证补换发需要什么步骤？,0
怎样申请成绩单、学籍证明打印办理？,0
法学院的信息是什么？,1
格物楼1栋1103的负责部门是哪个？,1
怎样申请本科学生毕业论文（设计）工作？,0
办理毕业证、学位证补换发的具体步骤有哪些？,0
请问学生申请课程免听办理需要什么步骤？,0
有没有本科学生放弃辅修或辅修类型变更办理的操作指南？,0
申请修改学信网信息办理的流程是什么？的,0
的软件学院的信息是什么？,1
学生申请课程缓考办理的流程是什么？,0
张学杰的负责部门是哪个？,1
文学院历史与档案学院的联系方式是什么？的,1
的关于法学院的最新通知,1
文渊楼211的开放时间是？,1
查询法学院的详细信息,1
求调停课申请的完整流程说明,0
求申请学历或学位证明材料办理的完整流程说明,0
软件学院的课程安排是怎样的？,1
学生申请课程缓考办理应该怎么办理？,0
求申请修改学信网信息办理的完整流程说明,0
如何联系张学杰？,1
我需要了解申请修改学信网信息办理的流程的,0
云南大学呈贡校区图书馆的开放时间是？,1
格物楼的联系方式是什么？,1
请问本科学生毕业论文（设计）工作需要什么步骤？,0
关于外国语学院的最新通知,1
张学杰的联系方式是什么？,1
申请本科学生放弃辅修或辅修类型变更办理的步骤是怎样的？,0
格物楼的课程安排是怎样的？,1
学生申请课程免修办理的办理流程是怎样的？,0
如何办理学生毕业审核申请学分认定办理？,0
有没有实践教学科项目经费报销的操作指南？,0
学生申请课程免修办理的办理流程是怎样的？,0
关于申请学历或学位证明材料办理的详细流程的,0
我需要了解学生申请课程免听办理的流程,0
怎样申请本科学生毕业论文（设计）工作？,0
申请修改学信网信息办理的流程是什么？,0
求本科学生放弃辅修或辅修类型变更办理的完整流程说明,0
关于申请学历或学位证明材料办理的详细流程,0
如何联系格物楼？,1
如何联系张学杰？,1
办理成绩单、学籍证明打印办理的具体步骤有哪些？,0
我需要了解毕业证、学位证遗失补办证明书的流程,0
查询格物楼1栋1103的详细信息,1
云南大学呈贡校区图书馆的课程安排是怎样的？,1
云南大学呈贡校区图书馆属于哪个学院？,1
王津属于哪个学院？,1
我需要了解补办学生证的流程,0
有没有成绩单、学籍证明打印办理的操作指南？,0
查找关于文渊楼211的资料,1
软件学院的课程安排是怎样的？,1
查询格物楼1栋1103的详细信息,1
如何办理申请修改学信网信息办理？,0
查找关于外国语学院的资料,1
怎么操作学生申请课程免修办理？,0
的关于C语言程序设计的最新通知,1
调停课申请的办理流程是怎样的？,0
申请学历或学位证明材料办理的流程是什么？,0
信息学院的教师有哪些？,1
求申请修改学信网信息办理的完整流程说明,0
高等数学的联系方式是什么？,1
查询C语言程序设计的详细信息,1
申请毕业证、学位证补换发的步骤是怎样的？的,0
办理调停课申请的具体步骤有哪些？,0
办理本科学生放弃辅修或辅修类型变更办理的具体步骤有哪些？,0
如何办理实践教学科项目经费报销？,0
怎么操作成绩单、学籍证明打印办理？,0
求学生申请课程免听办理的完整流程说明,0
申请学历或学位证明材料办理的流程是什么？,0
查找关于文学院历史与档案学院的资料,1
求成绩单、学籍证明打印办理的完整流程说明,0
的申请毕业证、学位证遗失补办证明书的步骤是怎样的？,0
教师办理成绩录入延期、成绩录入系数更改的办理流程是怎样的？,0
申请学历或学位证明材料办理的办理流程是怎样的？,0
张学杰属于哪个学院？,1
办理大学生创新创业训练项目工作的具体步骤有哪些？,0
本科学生毕业论文（设计）工作的流程是什么？,0
请问申请学历或学位证明材料办理需要什么步骤？,0
申请申请修改学信网信息办理的步骤是怎样的？,0
怎样申请本科学生放弃辅修或辅修类型变更办理？的,0
云南大学呈贡校区图书馆的课程安排是怎样的？,1
有没有临时使用教室申请的操作指南？,0
格物楼1栋1103的教师有哪些？,1
软件学院的具体位置在哪里？的,1
C语言程序设计的具体位置在哪里？,1
请问实践教学科项目经费报销需要什么步骤？,0
求本科学生毕业论文（设计）工作的完整流程说明,0
格物楼的负责部门是哪个？,1
如何联系格物楼？,1
文学院历史与档案学院的相关信息,1
云南大学呈贡校区图书馆的负责部门是哪个？,1
毕业证、学位证补换发的流程是什么？,0
临时使用教室申请的流程是什么？,0
查询张学杰的详细信息,1
学生毕业审核申请学分认定办理的流程是什么？,0
关于成绩单、学籍证明打印办理的详细流程,0
学生毕业审核申请学分认定办理的流程是什么？,0
关于实践教学科项目经费报销的详细流程,0
有没有成绩单、学籍证明打印办理的操作指南？,0
查找关于外国语学院的资料,1
C语言程序设计的开放时间是？,1
实践教学科项目经费报销应该怎么办理？,0
教师办理成绩录入延期、成绩录入系数更改的办理流程是怎样的？,0
关于信息学院的最新通知,1
办理学生毕业审核申请学分认定办理的具体步骤有哪些？,0
软件学院的开放时间是？,1
关于云南大学的最新通知,1
高等数学属于哪个学院？,1
关于申请学历或学位证明材料办理的详细流程,0
申请实践教学科项目经费报销的步骤是怎样的？,0
张学杰的开放时间是？,1
查找关于法学院的资料,1
申请学历或学位证明材料办理的流程是什么？,0
云南大学呈贡校区图书馆的联系方式是什么？的,1
请问临时使用教室申请需要什么步骤？,0
有没有学生申请课程缓考办理的操作指南？,0
高等数学的信息是什么？,1
申请学生申请课程缓考办理的步骤是怎样的？的,0
请问申请修改学信网信息办理需要什么步骤？,0
怎么操作补办学生证？,0
本科学生放弃辅修或辅修类型变更办理的流程是什么？,0
怎么操作成绩单、学籍证明打印办理？,0
如何联系文渊楼211？,1
格物楼的具体位置在哪里？,1
查找关于高等数学的资料,1
如何办理临时使用教室申请？,0
王津的开放时间是？,1
调停课申请应该怎么办理？,0
法学院的具体位置在哪里？,1
外国语学院的信息是什么？,1
有没有教师办理成绩录入延期、成绩录入系数更改的操作指南？,0
办理毕业证、学位证遗失补办证明书的具体步骤有哪些？,0
我需要了解学生申请课程缓考办理的流程,0
大学生创新创业训练项目工作的办理流程是怎样的？,0
有没有临时使用教室申请的操作指南？,0
关于补办学生证的详细流程,0
如何办理毕业证、学位证补换发？,0
有没有学生申请课程免听办理的操作指南？,0
查找关于法学院的资料,1
的文渊楼211的课程安排是怎样的？,1
高等数学的教师有哪些？,1
的如何办理学生申请课程免听办理？,0
如何办理本科学生毕业论文（设计）工作？,0
格物楼1栋1103的开放时间是？,1
关于调停课申请的详细流程,0
云南大学呈贡校区图书馆的具体位置在哪里？,1
关于学生毕业审核申请学分认定办理的详细流程的,0
文渊楼211的课程安排是怎样的？,1
查询文学院历史与档案学院的详细信息,1
的软件学院的联系方式是什么？,1
有没有调停课申请的操作指南？,0
云南大学呈贡校区图书馆的具体位置在哪里？,1
如何联系软件学院？,1
如何联系云南大学？,1
文渊楼211的具体位置在哪里？,1
怎样申请大学生创新创业训练项目工作？,0
请问云南大学领取本科学历学位证书需要什么步骤？,0
云南大学的联系方式是什么？,1
王津的联系方式是什么？的,1
格物楼的相关信息,1
怎么操作本科学生放弃辅修或辅修类型变更办理？,0
的如何办理本科学生放弃辅修或辅修类型变更办理？,0
求实践教学科项目经费报销的完整流程说明,0
怎样申请毕业证、学位证遗失补办证明书？,0
云南大学呈贡校区图书馆的课程安排是怎样的？,1
文学院历史与档案学院的课程安排是怎样的？,1
学生申请课程免修办理的流程是什么？,0
补办学生证应该怎么办理？的,0
我需要了解学生申请课程免修办理的流程,0
查找关于法学院的资料,1
请问申请学历或学位证明材料办理需要什么步骤？,0
申请实践教学科项目经费报销的步骤是怎样的？,0
请问成绩单、学籍证明打印办理需要什么步骤？,0
申请学生申请课程免听办理的步骤是怎样的？,0
如何办理学生申请课程免听办理？,0
关于本科学生毕业论文（设计）工作的详细流程,0
学生申请课程免听办理的流程是什么？,0
关于信息学院的最新通知,1
办理本科学生毕业论文（设计）工作的具体步骤有哪些？,0
张学杰的相关信息,1
学生申请课程缓考办理的办理流程是怎样的？,0
教师办理成绩录入延期、成绩录入系数更改的流程是什么？,0
怎么操作补办学生证？,0
办理大学生创新创业训练项目工作的具体步骤有哪些？,0
怎么操作学生申请课程免听办理？,0
如何办理调停课申请？的,0
关于张学杰的最新通知,1
云南大学的相关信息,1
关于本科学生毕业论文（设计）工作的详细流程,0
张学杰属于哪个学院？,1
有没有调停课申请的操作指南？,0
有没有补办学生证的操作指南？,0
有没有教师办理成绩录入延期、成绩录入系数更改的操作指南？的,0
求大学生创新创业训练项目工作的完整流程说明,0
如何联系格物楼？,1
申请教师办理成绩录入延期、成绩录入系数更改的步骤是怎样的？,0
如何联系信息学院？,1
补办学生证的流程是什么？,0
关于王津的最新通知,1
如何办理成绩单、学籍证明打印办理？,0
求成绩单、学籍证明打印办理的完整流程说明,0
关于申请修改学信网信息办理的详细流程,0
本科学生放弃辅修或辅修类型变更办理应该怎么办理？,0
怎样申请云南大学领取本科学历学位证书？,0
我需要了解学生毕业审核申请学分认定办理的流程,0
调停课申请应该怎么办理？,0
怎么操作成绩单、学籍证明打印办理？,0
实践教学科项目经费报销的流程是什么？,0
申请成绩单、学籍证明打印办理的步骤是怎样的？,0
实践教学科项目经费报销的流程是什么？,0
办理毕业证、学位证遗失补办证明书的具体步骤有哪些？,0
如何办理本科学生放弃辅修或辅修类型变更办理？,0
求申请学历或学位证明材料办理的完整流程说明,0
关于文渊楼211的最新通知,1
的怎么操作毕业证、学位证补换发？,0
求本科学生毕业论文（设计）工作的完整流程说明,0
C语言程序设计的教师有哪些？,1
怎么操作本科学生放弃辅修或辅修类型变更办理？,0
关于文学院历史与档案学院的最新通知,1
怎样申请成绩单、学籍证明打印办理？,0
格物楼1栋1103属于哪个学院？,1
调停课申请的流程是什么？,0
外国语学院的负责部门是哪个？的,1
关于文渊楼211的最新通知,1
王津属于哪个学院？,1
张学杰的联系方式是什么？,1
学生毕业审核申请学分认定办理的办理流程是怎样的？,0
如何联系高等数学？,1
查找关于信息学院的资料,1
云南大学的信息是什么？,1
张学杰的负责部门是哪个？,1
法学院的信息是什么？,1
的有没有大学生创新创业训练项目工作的操作指南？,0
外国语学院的具体位置在哪里？,1
法学院的教师有哪些？,1
关于软件学院的最新通知,1
如何联系外国语学院？,1
如何办理实践教学科项目经费报销？,0
关于毕业证、学位证补换发的详细流程,0
如何联系云南大学呈贡校区图书馆？,1
C语言程序设计的开放时间是？,1
关于外国语学院的最新通知,1
关于本科学生毕业论文（设计）工作的详细流程,0
本科学生放弃辅修或辅修类型变更办理的办理流程是怎样的？,0
如何联系云南大学？,1
法学院的教师有哪些？,1
办理申请学历或学位证明材料办理的具体步骤有哪些？,0
毕业证、学位证遗失补办证明书的流程是什么？的,0
怎样申请补办学生证？,0
格物楼的负责部门是哪个？,1
关于大学生创新创业训练项目工作的详细流程,0
求临时使用教室申请的完整流程说明,0
我需要了解毕业证、学位证遗失补办证明书的流程,0
关于调停课申请的详细流程,0
C语言程序设计的负责部门是哪个？,1
的关于本科学生毕业论文（设计）工作的详细流程,0
怎样申请毕业证、学位证遗失补办证明书？,0
请问学生申请课程免修办理需要什么步骤？,0
办理学生申请课程免修办理的具体步骤有哪些？的,0
请问本科学生放弃辅修或辅修类型变更办理需要什么步骤？,0
的申请毕业证、学位证遗失补办证明书的步骤是怎样的？,0
格物楼1栋1103的具体位置在哪里？,1
高等数学的具体位置在哪里？,1
关于学生申请课程免听办理的详细流程,0
的查找关于格物楼1栋1103的资料,1
张学杰的课程安排是怎样的？,1
云南大学领取本科学历学位证书的流程是什么？,0
的云南大学呈贡校区图书馆的联系方式是什么？,1
外国语学院属于哪个学院？,1
求毕业证、学位证遗失补办证明书的完整流程说明,0
的申请修改学信网信息办理应该怎么办理？,0
的请问学生申请课程免听办理需要什么步骤？,0
张学杰的具体位置在哪里？的,1
我需要了解本科学生毕业论文（设计）工作的流程,0
的C语言程序设计的教师有哪些？,1
格物楼1栋1103的信息是什么？,1
如何办理学生申请课程缓考办理？,0
办理本科学生放弃辅修或辅修类型变更办理的具体步骤有哪些？,0
如何办理实践教学科项目经费报销？,0
有没有申请修改学信网信息办理的操作指南？,0
查询软件学院的详细信息,1
的云南大学属于哪个学院？,1
信息学院的信息是什么？,1
查找关于文学院历史与档案学院的资料,1
格物楼1栋1103的联系方式是什么？,1
教师办理成绩录入延期、成绩录入系数更改应该怎么办理？,0
关于格物楼的最新通知,1
查找关于高等数学的资料,1
请问毕业证、学位证遗失补办证明书需要什么步骤？,0
关于大学生创新创业训练项目工作的详细流程,0
成绩单、学籍证明打印办理应该怎么办理？,0
C语言程序设计的相关信息,1
如何办理毕业证、学位证补换发？,0
文渊楼211的负责部门是哪个？的,1
有没有毕业证、学位证补换发的操作指南？,0
张学杰的具体位置在哪里？,1
我需要了解补办学生证的流程,0
云南大学的具体位置在哪里？,1
外国语学院属于哪个学院？,1
查找关于云南大学呈贡校区图书馆的资料,1
实践教学科项目经费报销的办理流程是怎样的？,0
信息学院属于哪个学院？,1
怎么操作教师办理成绩录入延期、成绩录入系数更改？,0
高等数学属于哪个学院？,1
的求毕业证、学位证补换发的完整流程说明,0
的如何办理补办学生证？,0
怎么操作调停课申请？,0
怎样申请成绩单、学籍证明打印办理？,0
的外国语学院的联系方式是什么？,1
毕业证、学位证遗失补办证明书的流程是什么？,0
申请修改学信网信息办理的流程是什么？,0
文渊楼211的信息是什么？,1
办理大学生创新创业训练项目工作的具体步骤有哪些？,0
怎样申请本科学生放弃辅修或辅修类型变更办理？,0
C语言程序设计的相关信息,1
的查询王津的详细信息,1
有没有本科学生毕业论文（设计）工作的操作指南？,0
的办理成绩单、学籍证明打印办理的具体步骤有哪些？,0
我需要了解学生申请课程免修办理的流程,0
查找关于信息学院的资料,1
的办理云南大学领取本科学历学位证书的具体步骤有哪些？,0
关于毕业证、学位证补换发的详细流程,0
云南大学呈贡校区图书馆的负责部门是哪个？,1
毕业证、学位证补换发应该怎么办理？,0
我需要了解补办学生证的流程,0
查询软件学院的详细信息,1
软件学院的教师有哪些？,1
文学院历史与档案学院的联系方式是什么？,1
软件学院的具体位置在哪里？的,1
格物楼的开放时间是？,1
如何联系文渊楼211？,1
求临时使用教室申请的完整流程说明,0
临时使用教室申请的办理流程是怎样的？,0
法学院的联系方式是什么？,1
高等数学的开放时间是？,1
办理本科学生毕业论文（设计）工作的具体步骤有哪些？,0
求云南大学领取本科学历学位证书的完整流程说明,0
格物楼1栋1103的课程安排是怎样的？,1
查找关于C语言程序设计的资料,1
有没有云南大学领取本科学历学位证书的操作指南？,0
关于格物楼的最新通知,1
怎么操作教师办理成绩录入延期、成绩录入系数更改？,0
我需要了解毕业证、学位证补换发的流程,0
毕业证、学位证补换发的流程是什么？的,0
办理学生申请课程免修办理的具体步骤有哪些？,0
怎么操作申请学历或学位证明材料办理？,0
我需要了解学生申请课程免听办理的流程,0
张学杰的具体位置在哪里？,1
张学杰的具体位置在哪里？,1
格物楼的信息是什么？,1
王津的课程安排是怎样的？,1
申请毕业证、学位证遗失补办证明书的步骤是怎样的？,0
法学院的具体位置在哪里？,1
查询软件学院的详细信息的,1
毕业证、学位证补换发的办理流程是怎样的？,0
查询文渊楼211的详细信息的,1
的办理学生毕业审核申请学分认定办理的具体步骤有哪些？,0
王津的信息是什么？,1
外国语学院的相关信息,1
信息学院的负责部门是哪个？,1
C语言程序设计的课程安排是怎样的？,1
请问学生申请课程免修办理需要什么步骤？,0
王津的联系方式是什么？,1
大学生创新创业训练项目工作的流程是什么？,0
我需要了解成绩单、学籍证明打印办理的流程,0
格物楼的教师有哪些？,1
申请实践教学科项目经费报销的步骤是怎样的？,0
教师办理成绩录入延期、成绩录入系数更改应该怎么办理？,0
毕业证、学位证补换发的办理流程是怎样的？的,0
本科学生毕业论文（设计）工作的办理流程是怎样的？的,0
王津的具体位置在哪里？,1
软件学院属于哪个学院？,1
查询格物楼的详细信息,1
有没有申请修改学信网信息办理的操作指南？,0
请问成绩单、学籍证明打印办理需要什么步骤？,0
文渊楼211的联系方式是什么？,1
申请大学生创新创业训练项目工作的步骤是怎样的？,0
王津的相关信息,1
大学生创新创业训练项目工作应该怎么办理？,0
申请大学生创新创业训练项目工作的步骤是怎样的？的,0
法学院的信息是什么？,1
格物楼的开放时间是？,1
关于云南大学的最新通知,1
的查询信息学院的详细信息,1
如何办理教师办理成绩录入延期、成绩录入系数更改？,0
的云南大学的具体位置在哪里？,1
申请补办学生证的步骤是怎样的？的,0
法学院的联系方式是什么？,1
有没有实践教学科项目经费报销的操作指南？,0
的法学院的教师有哪些？,1
我需要了解本科学生放弃辅修或辅修类型变更办理的流程,0
实践教学科项目经费报销的流程是什么？,0
关于云南大学领取本科学历学位证书的详细流程,0
怎样申请调停课申请？,0
的法学院的负责部门是哪个？,1
申请学生毕业审核申请学分认定办理的步骤是怎样的？,0
格物楼1栋1103的开放时间是？,1
怎样申请申请修改学信网信息办理？,0
王津的具体位置在哪里？,1
调停课申请的流程是什么？,0
大学生创新创业训练项目工作应该怎么办理？,0
C语言程序设计的信息是什么？,1
查询文学院历史与档案学院的详细信息,1
请问学生毕业审核申请学分认定办理需要什么步骤？,0
关于成绩单、学籍证明打印办理的详细流程,0
如何办理申请学历或学位证明材料办理？,0
求大学生创新创业训练项目工作的完整流程说明,0
张学杰的开放时间是？,1
文渊楼211的教师有哪些？,1
文学院历史与档案学院属于哪个学院？,1
文学院历史与档案学院的信息是什么？,1
外国语学院的联系方式是什么？,1
云南大学呈贡校区图书馆的信息是什么？,1
文学院历史与档案学院的具体位置在哪里？,1
格物楼属于哪个学院？,1
办理教师办理成绩录入延期、成绩录入系数更改的具体步骤有哪些？,0
请问大学生创新创业训练项目工作需要什么步骤？,0
法学院的教师有哪些？,1
请问毕业证、学位证补换发需要什么步骤？,0
怎么操作申请修改学信网信息办理？,0
的信息学院的具体位置在哪里？,1
软件学院的相关信息,1
办理毕业证、学位证遗失补办证明书的具体步骤有哪些？的,0
格物楼1栋1103的信息是什么？,1
云南大学呈贡校区图书馆的教师有哪些？,1
查找关于文学院历史与档案学院的资料,1
查找关于云南大学的资料,1
我需要了解本科学生放弃辅修或辅修类型变更办理的流程,0
请问临时使用教室申请需要什么步骤？,0
如何办理申请修改学信网信息办理？,0
办理教师办理成绩录入延期、成绩录入系数更改的具体步骤有哪些？,0
学生申请课程免修办理的流程是什么？,0
怎么操作申请修改学信网信息办理？,0
学生毕业审核申请学分认定办理的流程是什么？,0
关于成绩单、学籍证明打印办理的详细流程,0
办理调停课申请的具体步骤有哪些？,0
求申请学历或学位证明材料办理的完整流程说明,0
如何联系C语言程序设计？,1
教师办理成绩录入延期、成绩录入系数更改的流程是什么？,0
毕业证、学位证遗失补办证明书应该怎么办理？,0
申请修改学信网信息办理的办理流程是怎样的？,0
教师办理成绩录入延期、成绩录入系数更改应该怎么办理？,0
查询文学院历史与档案学院的详细信息的,1
求成绩单、学籍证明打印办理的完整流程说明,0
申请毕业证、学位证补换发的步骤是怎样的？,0
查询文渊楼211的详细信息,1
关于学生申请课程免听办理的详细流程,0
申请本科学生毕业论文（设计）工作的步骤是怎样的？,0
云南大学的联系方式是什么？,1
调停课申请的办理流程是怎样的？,0
成绩单、学籍证明打印办理的流程是什么？,0
如何联系法学院？,1
申请学历或学位证明材料办理的流程是什么？,0
求补办学生证的完整流程说明,0
怎样申请学生申请课程缓考办理？,0
怎样申请学生毕业审核申请学分认定办理？,0
毕业证、学位证补换发应该怎么办理？,0
我需要了解本科学生放弃辅修或辅修类型变更办理的流程,0
怎样申请实践教学科项目经费报销？,0
学生毕业审核申请学分认定办理的流程是什么？,0
关于云南大学呈贡校区图书馆的最新通知,1
我需要了解本科学生毕业论文（设计）工作的流程,0
临时使用教室申请应该怎么办理？的,0
软件学院的开放时间是？,1
格物楼的信息是什么？的,1
请问学生申请课程免听办理需要什么步骤？,0
云南大学的开放时间是？的,1
查询云南大学呈贡校区图书馆的详细信息,1
我需要了解申请修改学信网信息办理的流程,0
文学院历史与档案学院的信息是什么？,1
文渊楼211的负责部门是哪个？,1
王津属于哪个学院？,1
求学生申请课程免听办理的完整流程说明,0
文渊楼211的相关信息,1
软件学院属于哪个学院？,1
求学生申请课程免修办理的完整流程说明的,0
格物楼1栋1103的开放时间是？,1
本科学生毕业论文（设计）工作应该怎么办理？,0
怎样申请毕业证、学位证遗失补办证明书？,0
云南大学的信息是什么？,1
本科学生放弃辅修或辅修类型变更办理的流程是什么？,0
怎么操作本科学生毕业论文（设计）工作？,0
云南大学的教师有哪些？,1
外国语学院的负责部门是哪个？,1
的如何办理学生申请课程免修办理？,0
格物楼1栋1103的联系方式是什么？,1
怎样申请临时使用教室申请？,0
如何办理毕业证、学位证补换发？,0
外国语学院的负责部门是哪个？,1
怎样申请教师办理成绩录入延期、成绩录入系数更改？的,0
请问申请修改学信网信息办理需要什么步骤？,0
怎样申请学生申请课程免修办理？,0
怎样申请学生毕业审核申请学分认定办理？,0
调停课申请的办理流程是怎样的？,0
教师办理成绩录入延期、成绩录入系数更改的办理流程是怎样的？,0
的有没有本科学生放弃辅修或辅修类型变更办理的操作指南？,0
如何联系外国语学院？,1
我需要了解学生申请课程缓考办理的流程的,0
教师办理成绩录入延期、成绩录入系数更改的流程是什么？,0
怎样申请调停课申请？,0
申请调停课申请的步骤是怎样的？,0
关于云南大学呈贡校区图书馆的最新通知,1
查找关于外国语学院的资料,1
文渊楼211的信息是什么？,1
的请问学生申请课程免修办理需要什么步骤？,0
查找关于C语言程序设计的资料的,1
怎么操作实践教学科项目经费报销？,0
办理学生申请课程缓考办理的具体步骤有哪些？,0
云南大学呈贡校区图书馆属于哪个学院？,1
外国语学院的信息是什么？,1
如何办理大学生创新创业训练项目工作？,0
信息学院的联系方式是什么？,1
如何联系C语言程序设计？,1
格物楼的相关信息,1
云南大学的相关信息,1
C语言程序设计的联系方式是什么？,1
的怎么操作调停课申请？,0
求大学生创新创业训练项目工作的完整流程说明,0
云南大学的课程安排是怎样的？,1
关于云南大学领取本科学历学位证书的详细流程,0
本科学生毕业论文（设计）工作应该怎么办理？,0
如何办理学生毕业审核申请学分认定办理？,0
毕业证、学位证补换发应该怎么办理？,0
怎么操作本科学生放弃辅修或辅修类型变更办理？,0
怎样申请大学生创新创业训练项目工作？,0
办理补办学生证的具体步骤有哪些？,0
学生申请课程免修办理应该怎么办理？,0
的法学院的课程安排是怎样的？,1
外国语学院属于哪个学院？的,1
查询C语言程序设计的详细信息,1
的软件学院的课程安排是怎样的？,1
关于教师办理成绩录入延期、成绩录入系数更改的详细流程的,0
关于学生申请课程免听办理的详细流程,0
成绩单、学籍证明打印办理应该怎么办理？,0
求申请修改学信网信息办理的完整流程说明,0
有没有申请学历或学位证明材料办理的操作指南？,0
请问学生毕业审核申请学分认定办理需要什么步骤？,0
请问大学生创新创业训练项目工作需要什么步骤？,0
求学生毕业审核申请学分认定办理的完整流程说明,0
申请学生毕业审核申请学分认定办理的步骤是怎样的？,0
申请申请修改学信网信息办理的步骤是怎样的？,0
关于格物楼1栋1103的最新通知,1
如何办理大学生创新创业训练项目工作？,0
请问学生申请课程缓考办理需要什么步骤？,0
关于软件学院的最新通知,1
的如何办理成绩单、学籍证明打印办理？,0
补办学生证的办理流程是怎样的？,0
格物楼1栋1103的信息是什么？,1
我需要了解实践教学科项目经费报销的流程,0
张学杰的开放时间是？,1
C语言程序设计的开放时间是？,1
格物楼1栋1103的教师有哪些？的,1
云南大学呈贡校区图书馆的信息是什么？,1
怎么操作申请学历或学位证明材料办理？,0
查找关于格物楼1栋1103的资料,1
怎样申请临时使用教室申请？,0
如何办理申请学历或学位证明材料办理？,0
外国语学院的教师有哪些？,1
信息学院的相关信息,1
张学杰的负责部门是哪个？,1
怎样申请实践教学科项目经费报销？,0
云南大学的教师有哪些？,1
如何办理临时使用教室申请？,0
办理实践教学科项目经费报销的具体步骤有哪些？,0
高等数学的课程安排是怎样的？,1
学生申请课程免听办理的流程是什么？,0
王津的相关信息,1
如何办理学生申请课程免修办理？,0
文学院历史与档案学院的联系方式是什么？,1
成绩单、学籍证明打印办理的流程是什么？,0
毕业证、学位证遗失补办证明书的办理流程是怎样的？,0
高等数学的具体位置在哪里？,1
申请申请学历或学位证明材料办理的步骤是怎样的？,0
高等数学属于哪个学院？,1
如何办理申请修改学信网信息办理？,0
求教师办理成绩录入延期、成绩录入系数更改的完整流程说明,0
学生申请课程免修办理的流程是什么？,0
补办学生证应该怎么办理？,0
文学院历史与档案学院的信息是什么？,1
如何办理学生申请课程免听办理？,0
如何办理学生申请课程缓考办理？,0
补办学生证的办理流程是怎样的？的,0
办理成绩单、学籍证明打印办理的具体步骤有哪些？,0
我需要了解申请修改学信网信息办理的流程,0
怎样申请毕业证、学位证补换发？,0
查询C语言程序设计的详细信息,1
查找关于云南大学的资料,1
王津的负责部门是哪个？,1
我需要了解毕业证、学位证遗失补办证明书的流程,0
云南大学的负责部门是哪个？,1
关于学生申请课程免修办理的详细流程,0
关于本科学生放弃辅修或辅修类型变更办理的详细流程,0
成绩单、学籍证明打印办理应该怎么办理？的,0
如何联系格物楼1栋1103？,1
请问本科学生放弃辅修或辅修类型变更办理需要什么步骤？,0
高等数学的开放时间是？,1
怎么操作学生毕业审核申请学分认定办理？,0
查找关于外国语学院的资料,1
成绩单、学籍证明打印办理的办理流程是怎样的？,0
怎么操作教师办理成绩录入延期、成绩录入系数更改？,0
怎样申请云南大学领取本科学历学位证书？,0
学生申请课程免听办理应该怎么办理？,0
高等数学的具体位置在哪里？,1
求学生申请课程免听办理的完整流程说明,0
王津的教师有哪些？的,1
关于临时使用教室申请的详细流程的,0
本科学生毕业论文（设计）工作的办理流程是怎样的？,0
怎样申请大学生创新创业训练项目工作？的,0
求毕业证、学位证补换发的完整流程说明,0
办理补办学生证的具体步骤有哪些？,0
查找关于格物楼1栋1103的资料,1
学生毕业审核申请学分认定办理应该怎么办理？,0
的王津属于哪个学院？,1
怎样申请学生申请课程缓考办理？,0
法学院属于哪个学院？,1
办理临时使用教室申请的具体步骤有哪些？,0
我需要了解云南大学领取本科学历学位证书的流程,0
本科学生放弃辅修或辅修类型变更办理的办理流程是怎样的？,0
我需要了解临时使用教室申请的流程,0
查找关于软件学院的资料,1
申请临时使用教室申请的步骤是怎样的？,0
申请成绩单、学籍证明打印办理的步骤是怎样的？,0
高等数学的教师有哪些？,1
王津的负责部门是哪个？,1
文渊楼211的联系方式是什么？的,1
文学院历史与档案学院属于哪个学院？,1
申请毕业证、学位证补换发的步骤是怎样的？,0
本科学生放弃辅修或辅修类型变更办理的办理流程是怎样的？,0
外国语学院的信息是什么？,1
的关于格物楼的最新通知,1
请问实践教学科项目经费报销需要什么步骤？,0
关于张学杰的最新通知,1
信息学院的负责部门是哪个？,1
怎样申请毕业证、学位证补换发？,0
请问申请学历或学位证明材料办理需要什么步骤？,0
如何办理大学生创新创业训练项目工作？,0
调停课申请的流程是什么？,0
如何联系王津？,1
办理学生申请课程免听办理的具体步骤有哪些？,0
申请学历或学位证明材料办理的办理流程是怎样的？,0
信息学院属于哪个学院？,1
云南大学领取本科学历学位证书应该怎么办理？,0
怎么操作学生申请课程免听办理？,0
的我需要了解学生申请课程免修办理的流程,0
补办学生证的流程是什么？,0
请问调停课申请需要什么步骤？,0
大学生创新创业训练项目工作的流程是什么？,0
成绩单、学籍证明打印办理的流程是什么？,0
关于申请修改学信网信息办理的详细流程,0
查询王津的详细信息,1
文渊楼211属于哪个学院？,1
请问大学生创新创业训练项目工作需要什么步骤？,0
的如何联系法学院？,1
我需要了解申请修改学信网信息办理的流程,0
云南大学呈贡校区图书馆的相关信息,1
查询云南大学的详细信息,1
办理成绩单、学籍证明打印办理的具体步骤有哪些？的,0
软件学院的信息是什么？,1
格物楼的开放时间是？,1
怎么操作补办学生证？,0
查询外国语学院的详细信息,1
办理补办学生证的具体步骤有哪些？,0
张学杰的开放时间是？,1
格物楼属于哪个学院？的,1
如何办理本科学生毕业论文（设计）工作？的,0
软件学院的联系方式是什么？,1
怎么操作学生毕业审核申请学分认定办理？,0
C语言程序设计的联系方式是什么？,1
我需要了解学生申请课程缓考办理的流程,0
申请实践教学科项目经费报销的步骤是怎样的？,0
的申请学生申请课程缓考办理的步骤是怎样的？,0
软件学院的负责部门是哪个？,1
云南大学的联系方式是什么？的,1
法学院的开放时间是？,1
法学院的相关信息,1
求教师办理成绩录入延期、成绩录入系数更改的完整流程说明,0
法学院的课程安排是怎样的？,1
学生申请课程免修办理应该怎么办理？,0
关于申请修改学信网信息办理的详细流程,0
的怎么操作毕业证、学位证补换发？,0
王津的开放时间是？,1
我需要了解学生毕业审核申请学分认定办理的流程,0
如何办理临时使用教室申请？,0
的怎样申请毕业证、学位证补换发？,0
我需要了解大学生创新创业训练项目工作的流程的,0
申请毕业证、学位证补换发的步骤是怎样的？,0
怎么操作学生申请课程缓考办理？的,0
外国语学院的具体位置在哪里？,1
调停课申请应该怎么办理？,0
怎样申请申请修改学信网信息办理？,0
如何办理补办学生证？,0
文学院历史与档案学院的开放时间是？的,1
关于学生申请课程免修办理的详细流程,0
的怎么操作临时使用教室申请？,0
我需要了解实践教学科项目经费报销的流程,0
怎么操作学生申请课程免修办理？,0
法学院的相关信息,1
我需要了解云南大学领取本科学历学位证书的流程,0
C语言程序设计的开放时间是？,1
关于大学生创新创业训练项目工作的详细流程,0
关于C语言程序设计的最新通知,1
查找关于C语言程序设计的资料,1
请问临时使用教室申请需要什么步骤？,0
学生申请课程免听办理的办理流程是怎样的？,0
关于格物楼1栋1103的最新通知,1
怎么操作实践教学科项目经费报销？的,0
的我需要了解学生申请课程缓考办理的流程,0
学生申请课程免修办理应该怎么办理？,0
文学院历史与档案学院的相关信息,1
C语言程序设计的教师有哪些？,1
格物楼的教师有哪些？,1
临时使用教室申请的流程是什么？的,0
如何联系信息学院？,1
请问教师办理成绩录入延期、成绩录入系数更改需要什么步骤？,0
请问实践教学科项目经费报销需要什么步骤？,0
办理实践教学科项目经费报销的具体步骤有哪些？,0
请问申请修改学信网信息办理需要什么步骤？,0
的我需要了解补办学生证的流程,0
查找关于王津的资料,1
如何联系信息学院？,1
关于张学杰的最新通知,1
查询法学院的详细信息,1
云南大学领取本科学历学位证书的办理流程是怎样的？的,0
如何办理教师办理成绩录入延期、成绩录入系数更改？,0
关于申请学历或学位证明材料办理的详细流程,0
